{"cameraMode":{"drawMode":0,"name":"Shaded","section":"Shading Mode"},"sceneLighting":false,"audioPlay":false,"sceneViewState":{"showFog":true,"showMaterialUpdate":false,"showSkybox":false,"showFlares":true,"showImageEffects":true,"showParticleSystems":true,"showVisualEffectGraphs":true,"m_FxEnabled":true},"in2DMode":false,"pivot":{"x":-6.75812292098999,"y":1.0390431880950928,"z":2.2773516178131105},"rotation":{"x":-0.04834922403097153,"y":0.9385084509849548,"z":-0.14702868461608888,"w":-0.30862197279930117},"size":0.026117563247680665,"orthographic":false}