{"cameraMode":{"drawMode":0,"name":"Shaded","section":"Shading Mode"},"sceneLighting":false,"audioPlay":false,"sceneViewState":{"showFog":true,"showMaterialUpdate":false,"showSkybox":false,"showFlares":true,"showImageEffects":true,"showParticleSystems":true,"showVisualEffectGraphs":true,"m_FxEnabled":true},"in2DMode":false,"pivot":{"x":0.23060846328735352,"y":0.9458099603652954,"z":-0.07780683040618897},"rotation":{"x":-0.04374212026596069,"y":0.9409098625183106,"z":-0.1335538625717163,"w":-0.30815544724464419},"size":0.8743223547935486,"orthographic":false}